30002,W,Austin (Forest Pk-bound),-87.776812,41.870851,Austin,40010,40010,Blue Line
30001,E,Austin (O'Hare-bound),-87.776812,41.870851,Austin,40010,40010,Blue Line
30003,E,Harlem (63rd-bound),-87.803176,41.886848,Harlem/Lake,40020,40020,Green Line (Lake)
30004,W,Harlem (Terminal arrival),-87.803176,41.886848,Harlem/Lake,40020,40020,Green Line (Lake)
30005,E,Pulaski (63rd-bound),-87.725404,41.885412,Pulaski,40030,40030,Green Line (Lake)
30006,W,Pulaski (Harlem-bound),-87.725404,41.885412,Pulaski,40030,40030,Green Line (Lake)
30007,N,Quincy/Wells (Inner Loop),-87.63374,41.878723,Quincy/Wells,40040,40040,Brown Orange Pink Purple (Express)
30008,S,Quincy/Wells (Outer Loop),-87.63374,41.878723,Quincy/Wells,40040,40040,Brown Orange Pink Purple (Express)
30011,S,Davis (Howard-Loop-bound),-87.683543,42.04771,Davis,40050,40050,Purple Line Evanston Express
30010,N,Davis (Linden-bound),-87.683543,42.04771,Davis,40050,40050,Purple Line Evanston Express
30013,S,Belmont (O'Hare Branch) (Forest Pk-bound),-87.712359,41.938132,Belmont,40060,40060,Blue Line
30012,N,Belmont (O'Hare Branch) (O'Hare-bound),-87.712359,41.938132,Belmont,40060,40060,Blue Line
30015,S,Jackson/Dearborn (Forest Pk-bound),-87.629296,41.878183,Jackson,40070,40070,Blue Line
30014,N,Jackson/Dearborn (O'Hare-bound),-87.629296,41.878183,Jackson,40070,40070,Blue Line
30017,S,Sheridan (95th-bound),-87.654929,41.953775,Sheridan,40080,40080,Red Line
30016,N,Sheridan (Howard-bound),-87.654929,41.953775,Sheridan,40080,40080,Red Line
30293,N,Sheridan (Howard-Linden-bound),-87.654929,41.953775,Sheridan,40080,,
30294,S,Sheridan (Loop-bound),-87.654929,41.953775,Sheridan,40080,,
30018,N,Damen (Kimball-bound),-87.678639,41.966286,Damen,40090,40090,Brown Line
30019,S,Damen (Loop-bound),-87.678639,41.966286,Damen,40090,40090,Brown Line
30021,S,Morse (95th-bound),-87.665909,42.008362,Morse,40100,40100,Red Line
30020,N,Morse (Howard-bound),-87.665909,42.008362,Morse,40100,40100,Red Line
30022,N,35th/Archer (Loop-bound),-87.680622,41.829353,35th/Archer,40120,40120,Orange Line
30023,S,35th/Archer (Midway-bound),-87.680622,41.829353,35th/Archer,40120,40120,Orange Line
30025,S,51st (63rd-bound),-87.618487,41.80209,51st,40130,40130,Green Line
30024,N,51st (Harlem-bound),-87.618487,41.80209,51st,40130,40130,Green Line
30026,N,Skokie (Arrival),-87.751919,42.038951,Skokie,40140,40140,Yellow Line
30027,S,Skokie (Howard-bound),-87.751919,42.038951,Skokie,40140,40140,Yellow Line
30029,W,Pulaski (54th/Cermak-bound),-87.724311,41.853732,Pulaski,40150,40150,Pink
30028,E,Pulaski (Loop-bound),-87.724311,41.853732,Pulaski,40150,40150,Pink
30031,W,LaSalle/Van Buren (Inner Loop),-87.631739,41.8768,LaSalle/Van Buren,40160,40160,Brown Orange Pink Purple (Express)
30030,E,LaSalle/Van Buren (Outer Loop),-87.631739,41.8768,LaSalle/Van Buren,40160,40160,Brown Orange Pink Purple (Express)
30032,E,Ashland (Harlem-54th/Cermak-bound),-87.666969,41.885269,Ashland,40170,40170,Green (Lake) Pink
30033,W,Ashland (Loop-63rd-bound),-87.666969,41.885269,Ashland,40170,40170,Green (Lake) Pink
30035,W,Oak Park (Forest Pk-bound),-87.791602,41.872108,Oak Park,40180,40180,Blue Line
30034,E,Oak Park (O'Hare-bound),-87.791602,41.872108,Oak Park,40180,40180,Blue Line
30037,S,Sox-35th (95th-bound),-87.630636,41.831191,Sox-35th,40190,40190,Red Line
30036,N,Sox-35th (Howard-bound),-87.630636,41.831191,Sox-35th,40190,40190,Red Line
30039,S,Randolph/Wabash (Inner Loop),-87.626149,41.884431,Randolph/Wabash,40200,40200,Brown Orange Pink  Purple (Express) Green
30038,N,Randolph/Wabash (Outer Loop),-87.626149,41.884431,Randolph/Wabash,40200,40200,Brown Orange Pink  Purple (Express) Green
30041,W,Damen (54th/Cermak-bound),-87.675975,41.854517,Damen,40210,40210,Pink
30040,E,Damen (Loop-bound),-87.675975,41.854517,Damen,40210,40210,Pink
30043,W,Western (Forest Pk-bound),-87.688436,41.875478,Western (Forest Park Branch),40220,40220,Blue Line (Congress)
30042,E,Western (O'Hare-bound),-87.688436,41.875478,Western (Forest Park Branch),40220,40220,Blue Line (Congress)
30045,S,Cumberland (Forest Pk-bound),-87.838028,41.984246,Cumberland,40230,40230,Blue Line
30044,N,Cumberland (O'Hare-bound),-87.838028,41.984246,Cumberland,40230,40230,Blue Line
30047,S,79th (95th-bound),-87.625112,41.750419,79th,40240,40240,Red Line
30046,N,79th (Howard-bound),-87.625112,41.750419,79th,40240,40240,Red Line
30049,W,Kedzie-Homan (Forest Pk-bound),-87.70604,41.874341,Kedzie-Homan,40250,40250,Blue Line (Congress)
30048,E,Kedzie-Homan (O'Hare-bound),-87.70604,41.874341,Kedzie-Homan,40250,40250,Blue Line (Congress)
30050,E,State/Lake (Inner Loop),-87.627835,41.88574,State/Lake,40260,40260,Brown Orange Pink  Purple (Express) Green
30051,W,State/Lake (Outer Loop),-87.627835,41.88574,State/Lake,40260,40260,Brown Orange Pink  Purple (Express) Green
30053,S,Main (Howard-Loop-bound),-87.679538,42.033456,Main,40270,40270,Purple Line Evanston Express
30052,N,Main (Linden-bound),-87.679538,42.033456,Main,40270,40270,Purple Line Evanston Express
30054,E,Central (63rd-bound),-87.76565,41.887389,Central,40280,40280,Green Line (Lake)
30055,W,Central (Harlem-bound),-87.76565,41.887389,Central,40280,40280,Green Line (Lake)
30056,E,Ashland/63rd (Harlem-bound),-87.663766,41.77886,Ashland/63rd,40290,40290,Green Line (Englewood)
30057,W,Ashland/63rd (Terminal arrival),-87.663766,41.77886,Ashland/63rd,40290,40290,Green Line (Englewood)
30059,S,Indiana (63rd-bound),-87.621371,41.821732,Indiana,40300,40300,Green Line
30058,N,Indiana (Harlem-bound),-87.621371,41.821732,Indiana,40300,40300,Green Line
30060,N,Western (Loop-bound),-87.684019,41.804546,Western,40310,40310,Orange Line
30061,S,Western (Midway-bound),-87.684019,41.804546,Western,40310,40310,Orange Line
30063,S,Division/Milwaukee (Forest Pk-bound),-87.666496,41.903355,Division,40320,40320,Blue Line
30062,N,Division/Milwaukee (O'Hare-bound),-87.666496,41.903355,Division,40320,40320,Blue Line
30065,S,Grand/State (95th-bound),-87.628021,41.891665,Grand,40330,40330,Red Line
30064,N,Grand/State (Howard-bound),-87.628021,41.891665,Grand,40330,40330,Red Line
30067,S,Berwyn (95th-bound),-87.658668,41.977984,Berwyn,40340,40340,Red Line
30066,N,Berwyn (Howard-bound),-87.658668,41.977984,Berwyn,40340,40340,Red Line
30069,W,UIC-Halsted (Forest Pk-bound),-87.649707,41.875474,UIC-Halsted,40350,40350,Blue Line
30068,E,UIC-Halsted (O'Hare-bound),-87.649707,41.875474,UIC-Halsted,40350,40350,Blue Line
30070,N,Southport (Kimball-bound),-87.663619,41.943744,Southport,40360,40360,Brown Line
30071,S,Southport (Loop-bound),-87.663619,41.943744,Southport,40360,40360,Brown Line
30073,S,Washington/Dearborn (Forest Pk-bound),-87.62944,41.883164,Washington,40370,40370,Blue Line
30072,N,Washington/Dearborn (O'Hare-bound),-87.62944,41.883164,Washington,40370,40370,Blue Line
30074,E,Clark/Lake (Inner Loop),-87.630886,41.885737,Clark/Lake (Elevated),40380,40380,Brown Orange Pink Purple (Express) Green Blue
30075,W,Clark/Lake (Outer Loop),-87.630886,41.885737,Clark/Lake (Elevated),40380,40380,Brown Orange Pink Purple (Express) Green Blue
30374,S,Clark/Lake (Forest Pk-bound),-87.630886,41.885737,Clark/Lake (Subway),40380,40390,Blue Line
30375,N,Clark/Lake (O'Hare-bound),-87.630886,41.885737,Clark/Lake (Subway),40380,40390,Blue Line
30076,E,Forest Park (O'Hare-bound),-87.817318,41.874257,Forest Park,40390,40400,Purple Line Evanston Express
30077,W,Forest Park (Terminal Arrival),-87.817318,41.874257,Forest Park,40390,40400,Purple Line Evanston Express
30079,S,Noyes (Howard-Loop-bound),-87.683337,42.058282,Noyes,40400,40410,Orange & Green Lines
30078,N,Noyes (Linden-bound),-87.683337,42.058282,Noyes,40400,40410,Orange & Green Lines
30083,W,Cicero (54th/Cermak-bound),-87.745336,41.85182,Cicero,40420,40420,Pink
30082,E,Cicero (Loop-bound),-87.745336,41.85182,Cicero,40420,40420,Pink
30085,W,Clinton (Forest Pk-bound),-87.640984,41.875539,Clinton,40430,40430,Blue Line
30084,E,Clinton (O'Hare-bound),-87.640984,41.875539,Clinton,40430,40430,Blue Line
30087,W,California (54th/Cermak-bound),-87.694774,41.854109,California,40440,40440,Pink
30086,E,California (Loop-bound),-87.694774,41.854109,California,40440,40440,Pink
30089,S,95th/Dan Ryan (95th-bound),-87.624342,41.722377,95th,40450,40450,Red Line
30088,N,95th/Dan Ryan (Howard-bound),-87.624342,41.722377,95th,40450,40450,Red Line
30090,N,Merchandise Mart (Kimball-Linden-bound),-87.633924,41.888969,Merchandise Mart,40460,40460,Brown Purple (Express)
30091,S,Merchandise Mart (Loop-bound),-87.633924,41.888969,Merchandise Mart,40460,40460,Brown Purple (Express)
30093,W,Racine (Forest Pk-bound),-87.659458,41.87592,Racine,40470,40470,Blue Line
30092,E,Racine (O'Hare-bound),-87.659458,41.87592,Racine,40470,40470,Blue Line
30094,E,Cicero (63rd-bound),-87.744698,41.886519,Cicero,40480,40480,Green Line (Lake)
30009,W,Cicero (Harlem-bound),-87.744698,41.886519,Cicero,40480,40480,Green Line (Lake)
30096,S,Grand/Milwaukee (Forest Pk-bound),-87.647578,41.891189,Grand,40490,40490,Blue Line (O'Hare)
30095,N,Grand/Milwaukee (O'Hare-bound),-87.647578,41.891189,Grand,40490,40490,Blue Line (O'Hare)
30100,S,Garfield (63rd-bound),-87.618327,41.795172,Garfield,40510,40510,Green Line
30099,N,Garfield (Harlem-bound),-87.618327,41.795172,Garfield,40510,40510,Green Line
30102,S,Foster (Howard-Loop-bound),-87.68356,42.05416,Foster,40520,40520,Purple Line Evanston Express
30101,N,Foster (Linden-bound),-87.68356,42.05416,Foster,40520,40520,Purple Line Evanston Express
30103,N,Diversey (Kimball-Linden-bound),-87.653131,41.932732,Diversey,40530,40530,Brown Purple (Express)
30104,S,Diversey (Loop-bound),-87.653131,41.932732,Diversey,40530,40530,Brown Purple (Express)
30106,S,Wilson (95th-bound),-87.657588,41.964273,Wilson,40540,40540,Red Line
30105,N,Wilson (Howard-bound),-87.657588,41.964273,Wilson,40540,40540,Red Line
30108,S,Irving Park (O'Hare Branch) (Forest Pk-bound),-87.729229,41.952925,Irving Park,40550,40550,Blue Line
30107,N,Irving Park (O'Hare Branch) (O'Hare-bound),-87.729229,41.952925,Irving Park,40550,40550,Blue Line
30110,S,Jackson/State (95th-bound),-87.627596,41.878153,Jackson,40560,40560,Red Line
30109,N,Jackson/State (Howard-bound),-87.627596,41.878153,Jackson,40560,40560,Red Line
30112,S,California/Milwaukee (Forest Pk-bound),-87.69689,41.921939,California (O'Hare Branch),40570,40570,Blue Line (O'Hare)
30111,N,California/Milwaukee (O'Hare-bound),-87.69689,41.921939,California (O'Hare Branch),40570,40570,Blue Line (O'Hare)
30113,E,54th/Cermak (Loop-bound),-87.75669201,41.85177331,54th/Cermak,40580,40580,Pink
30114,W,54th/Cermak (Terminal arrival),-87.75669201,41.85177331,54th/Cermak,40580,40580,Pink
30116,S,Damen/Milwaukee (Forest Pk-bound),-87.677437,41.909744,Damen (O'Hare Branch),40590,40590,Blue Line
30115,N,Damen/Milwaukee (O'Hare-bound),-87.677437,41.909744,Damen (O'Hare Branch),40590,40590,Blue Line
30118,W,Kostner (54th/Cermak-bound),-87.733258,41.853751,Kostner,40600,40600,Pink
30117,E,Kostner (Loop-bound),-87.733258,41.853751,Kostner,40600,40600,Pink
30119,E,Ridgeland (63rd-bound),-87.783661,41.887159,Ridgeland,40610,40610,Green Line (Lake)
30120,W,Ridgeland (Harlem-bound),-87.783661,41.887159,Ridgeland,40610,40610,Green Line (Lake)
30122,S,Clark/Division (95th-bound),-87.631412,41.90392,Clark/Division,40630,40630,Red Line
30121,N,Clark/Division (Howard-bound),-87.631412,41.90392,Clark/Division,40630,40630,Red Line
30124,S,Madison/Wabash (Inner Loop),-87.626098,41.882023,Madison/Wabash,40640,40640,Brown Orange Pink  Purple (Express) Green
30123,N,Madison/Wabash (Outer Loop),-87.626098,41.882023,Madison/Wabash,40640,40640,Brown Orange Pink  Purple (Express) Green
30126,S,North/Clybourn (95th-bound),-87.649177,41.910655,North/Clybourn,40650,40650,Red Line
30125,N,North/Clybourn (Howard-bound),-87.649177,41.910655,North/Clybourn,40650,40650,Red Line
30127,N,Armitage (Kimball-Linden-bound),-87.652644,41.918217,Armitage,40660,40660,Brown Purple (Express)
30128,S,Armitage (Loop-bound),-87.652644,41.918217,Armitage,40660,40660,Brown Purple (Express)
30130,S,Western/Milwaukee (Forest Pk-bound),-87.687364,41.916157,Western (O'Hare Branch),40670,40670,Blue Line (O'Hare)
30129,N,Western/Milwaukee (O'Hare-bound),-87.687364,41.916157,Western (O'Hare Branch),40670,40670,Blue Line (O'Hare)
30132,S,Adams/Wabash (Inner Loop),-87.626037,41.879507,Adams/Wabash,40680,40680,Brown Orange Pink  Purple (Express) Green
30131,N,Adams/Wabash (Outer Loop),-87.626037,41.879507,Adams/Wabash,40680,40680,Brown Orange Pink  Purple (Express) Green
30134,S,Dempster (Howard-Loop-bound),-87.681602,42.041655,Dempster,40690,40690,Purple Line Evanston Express
30133,N,Dempster (Linden-bound),-87.681602,42.041655,Dempster,40690,40690,Purple Line Evanston Express
30135,E,Laramie (63rd-bound),-87.754986,41.887163,Laramie,40700,40700,Green Line (Lake)
30136,W,Laramie (Harlem-bound),-87.754986,41.887163,Laramie,40700,40700,Green Line (Lake)
30137,N,Chicago/Franklin (Kimball-Linden-bound),-87.635924,41.89681,Chicago,40710,40710,Brown Purple (Express)
30138,S,Chicago/Franklin (Loop-bound),-87.635924,41.89681,Chicago,40710,40710,Brown Purple (Express)
30139,E,Cottage Grove (Terminal arrival),-87.605857,41.780309,Cottage Grove,40720,40720,Green Line
30140,W,East 63rd-Cottage Grove (Harlem-bound),-87.605857,41.780309,Cottage Grove,40720,40720,Green Line
30141,N,Washington/Wells (Inner Loop),-87.63378,41.882695,Washington/Wells,40730,40730,Brown Orange Pink Purple (Express)
30142,S,Washington/Wells (Outer Loop),-87.63378,41.882695,Washington/Wells,40730,40730,Brown Orange Pink Purple (Express)
30144,W,Western (54th/Cermak-bound),-87.685129,41.854225,Western,40740,40740,Pink
30143,E,Western (Loop-bound),-87.685129,41.854225,Western,40740,40740,Pink
30146,S,Harlem (O'Hare Branch) (Forest Pk-bound),-87.8089,41.98227,Harlem (O'Hare Branch),40750,40750,Blue Line (O'Hare)
30145,N,Harlem (O'Hare Branch) (O'Hare-bound),-87.8089,41.98227,Harlem (O'Hare Branch),40750,40750,Blue Line (O'Hare)
30148,S,Granville (95th-bound),-87.659202,41.993664,Granville,40760,40760,Red Line
30147,N,Granville (Howard-bound),-87.659202,41.993664,Granville,40760,40760,Red Line
30150,S,Lawrence (95th-bound),-87.658493,41.969139,Lawrence,40770,40770,Red Line
30149,N,Lawrence (Howard-bound),-87.658493,41.969139,Lawrence,40770,40770,Red Line
30152,W,Central Park (54th/Cermak-bound),-87.714842,41.853839,Central Park,40780,40780,Pink
30151,E,Central Park (Loop-bound),-87.714842,41.853839,Central Park,40780,40780,Pink
30154,S,Monroe/Dearborn (Forest Pk-bound),-87.629378,41.880703,Monroe,40790,40790,Blue Line
30153,N,Monroe/Dearborn (O'Hare-bound),-87.629378,41.880703,Monroe,40790,40790,Blue Line
30155,N,Sedgwick (Kimball-Linden-bound),-87.639302,41.910409,Sedgwick,40800,40800,Brown Purple (Express)
30156,S,Sedgwick (Loop-bound),-87.639302,41.910409,Sedgwick,40800,40800,Brown Purple (Express)
30158,W,Illinois Medical District (Forest Pk-bound),-87.673932,41.875706,Illinois Medical District,40810,40810,Blue Line
30157,E,Illinois Medical District (O'Hare-bound),-87.673932,41.875706,Illinois Medical District,40810,40810,Blue Line
30160,S,Rosemont (Forest Pk-bound),-87.859388,41.983507,Rosemont,40820,40820,Blue Line
30159,N,Rosemont (O'Hare-bound),-87.859388,41.983507,Rosemont,40820,40820,Blue Line
30162,W,18th (54th/Cermak-bound),-87.669147,41.857908,18th,40830,40830,Pink
30161,E,18th (Loop-bound),-87.669147,41.857908,18th,40830,40830,Pink
30164,S,South Blvd (Howard-Loop-bound),-87.678329,42.027612,South Boulevard,40840,40840,Purple Line Evanston Express
30163,N,South Blvd (Linden-bound),-87.678329,42.027612,South Boulevard,40840,40840,Purple Line Evanston Express
30166,W,Library (Inner Loop),-87.628196,41.876862,Harold Washington Library-State/Van Buren,40850,40850,Brown Orange Pink Purple (Express)
30165,E,Library (Outer Loop),-87.628196,41.876862,Harold Washington Library-State/Van Buren,40850,40850,Brown Orange Pink Purple (Express)
30167,N,Francisco (Kimball-bound),-87.701644,41.966046,Francisco,40870,40870,Brown Line
30168,S,Francisco (Loop-bound),-87.701644,41.966046,Francisco,40870,40870,Brown Line
30170,S,Thorndale (95th-bound),-87.659076,41.990259,Thorndale,40880,40880,Red Line
30169,N,Thorndale (Howard-bound),-87.659076,41.990259,Thorndale,40880,40880,Red Line
30172,S,O'Hare Airport (Forest Pk-bound),-87.90422307,41.97766526,O'Hare,40890,40890,Blue Line
30171,N,O'Hare Airport (Terminal Arrival),-87.90422307,41.97766526,O'Hare,40890,40890,Blue Line
30173,N,Howard (Terminal arrival),-87.672892,42.019063,Howard,40900,40900,Red Yellow Purple Evanston Express
30174,S,Howard (95th-Bound),-87.672892,42.019063,Howard,40900,40900,Red Yellow Purple Evanston Express
30175,N,"Howard (NB) (Linden, Skokie-bound)",-87.672892,42.019063,Howard,40900,,
30176,S,Howard (Terminal arrival),-87.672892,42.019063,Howard,40900,,
30178,S,63rd-Dan Ryan (95th-bound),-87.630952,41.780536,63rd,40910,40910,Red Line
30177,N,63rd-Dan Ryan (Howard-bound),-87.630952,41.780536,63rd,40910,40910,Red Line
30180,W,Pulaski (Forest Pk-bound),-87.725663,41.873797,Pulaski (Forest Park Branch),40920,40920,Blue Line (Congress)
30179,E,Pulaski (O'Hare-bound),-87.725663,41.873797,Pulaski (Forest Park Branch),40920,40920,Blue Line (Congress)
30182,S,Midway (Arrival),-87.737875,41.78661,Midway,40930,40930,Orange Line
30181,N,Midway (Loop-bound),-87.737875,41.78661,Midway,40930,40930,Orange Line
30184,W,Halsted/63rd (Ashland-bound),-87.644244,41.778943,Halsted,40940,40940,Green Line
30183,E,Halsted/63rd (Harlem-bound),-87.644244,41.778943,Halsted,40940,40940,Green Line
30185,N,Pulaski (Loop-bound),-87.724493,41.799756,Pulaski,40960,40960,Orange Line
30186,S,Pulaski (Midway-bound),-87.724493,41.799756,Pulaski,40960,40960,Orange Line
30188,W,Cicero (Forest Pk-bound),-87.745154,41.871574,Cicero (Forest Park Branch),40970,40970,Blue Line (Congress)
30187,E,Cicero (O'Hare-bound),-87.745154,41.871574,Cicero (Forest Park Branch),40970,40970,Blue Line (Congress)
30190,W,Harlem (Forest Pk-bound),-87.806961,41.87349,Harlem (Forest Park Branch),40980,40980,Blue Line (Congress)
30189,E,Harlem (O'Hare-bound),-87.806961,41.87349,Harlem (Forest Park Branch),40980,40980,Blue Line (Congress)
30192,S,69th (95th-bound),-87.625724,41.768367,69th,40990,40990,Red Line
30191,N,69th (Howard-bound),-87.625724,41.768367,69th,40990,40990,Red Line
30194,S,Cermak-Chinatown (95th-bound),-87.630968,41.853206,Cermak-Chinatown,41000,41000,Red Line
30193,N,Cermak-Chinatown (Howard-bound),-87.630968,41.853206,Cermak-Chinatown,41000,41000,Red Line
30195,N,Rockwell (Kimball-bound),-87.6941,41.966115,Rockwell,41010,41010,Brown Line
30196,S,Rockwell (Loop-bound),-87.6941,41.966115,Rockwell,41010,41010,Brown Line
30198,S,Logan Square (Forest Pk-bound),-87.708541,41.929728,Logan Square,41020,41020,Blue Line
30197,N,Logan Square (O'Hare-bound),-87.708541,41.929728,Logan Square,41020,41020,Blue Line
30200,W,Polk (54th/Cermak-bound),-87.66953,41.871551,Polk,41030,41030,Pink
30199,E,Polk (Loop-bound),-87.66953,41.871551,Polk,41030,41030,Pink
30202,W,Kedzie (54th/Cermak-bound),-87.705408,41.853964,Kedzie,41040,41040,Pink
30201,E,Kedzie (Loop-bound),-87.705408,41.853964,Kedzie,41040,41040,Pink
30204,S,Linden (Howard-Loop-bound),-87.69073,42.073153,Linden,41050,41050,Purple Line Evanston Express
30203,N,Linden (Linden-bound),-87.69073,42.073153,Linden,41050,41050,Purple Line Evanston Express
30205,N,Ashland (Loop-bound),-87.665317,41.839234,Ashland,41060,41060,Orange Line
30206,S,Ashland (Midway-bound),-87.665317,41.839234,Ashland,41060,41060,Orange Line
30207,E,Kedzie (63rd-bound),-87.706155,41.884321,Kedzie,41070,41070,Green Line (Lake)
30208,W,Kedzie (Harlem-bound),-87.706155,41.884321,Kedzie,41070,41070,Green Line (Lake)
30210,S,47th (63rd-bound) Elevated (63rd-bound),-87.618826,41.809209,47th,41080,41080,Green Line
30209,N,47th (SB) Elevated (Harlem-bound),-87.618826,41.809209,47th,41080,41080,Green Line
30212,S,Monroe/State (95th-bound),-87.627696,41.880745,Monroe,41090,41090,Red Line
30211,N,Monroe/State (Howard-bound),-87.627696,41.880745,Monroe,41090,41090,Red Line
30214,S,35-Bronzeville-IIT (63rd-bound),-87.625826,41.831677,35th-Bronzeville-IIT,41120,41120,Green Line
30213,N,35-Bronzeville-IIT (Harlem-bound),-87.625826,41.831677,35th-Bronzeville-IIT,41120,41120,Green Line
30215,N,Halsted (Loop-bound),-87.648088,41.84678,Halsted,41130,41130,Orange Line
30216,S,Halsted (Midway-bound),-87.648088,41.84678,Halsted,41130,41130,Orange Line
30217,E,King Drive (Cottage Grove-bound),-87.615546,41.78013,King Drive,41140,41140,Green Line
30218,W,King Drive (Harlem-bound),-87.615546,41.78013,King Drive,41140,41140,Green Line
30219,N,Kedzie (Loop-bound),-87.704406,41.804236,Kedzie,41150,41150,Orange Line
30220,S,Kedzie (Midway-bound),-87.704406,41.804236,Kedzie,41150,41150,Orange Line
30222,W,Clinton (Harlem-54th/Cermak-bound),-87.641782,41.885678,Clinton,41160,41160,Green (Lake) Pink
30221,E,Clinton (Loop-63rd-bound),-87.641782,41.885678,Clinton,41160,41160,Green (Lake) Pink
30224,S,Garfield-Dan Ryan (95th-bound),-87.631157,41.79542,Garfield,41170,41170,Red Line
30223,N,Garfield-Dan Ryan (Howard-bound),-87.631157,41.79542,Garfield,41170,41170,Red Line
30225,N,Kedzie (Kimball-bound),-87.708821,41.965996,Kedzie,41180,41180,Brown Line
30226,S,Kedzie (Loop-bound),-87.708821,41.965996,Kedzie,41180,41180,Brown Line
30228,S,Jarvis (95th-bound),-87.669092,42.015876,Jarvis,41190,41190,Red Line
30227,N,Jarvis (Howard-bound),-87.669092,42.015876,Jarvis,41190,41190,Red Line
30230,S,Argyle (95th-bound),-87.65853,41.973453,Argyle,41200,41200,Red Line
30229,N,Argyle (Howard-bound),-87.65853,41.973453,Argyle,41200,41200,Red Line
30231,N,Wellington (Kimball-Linden-bound),-87.653266,41.936033,Wellington,41210,41210,Brown Purple (Express)
30232,S,Wellington (Loop-bound),-87.653266,41.936033,Wellington,41210,41210,Brown Purple (Express)
30234,S,Fullerton (95th-bound),-87.652866,41.925051,Fullerton,41220,41220,Red Brown Purple (Express)
30233,N,Fullerton (Howard-bound),-87.652866,41.925051,Fullerton,41220,41220,Red Brown Purple (Express)
30235,N,Fullerton (Kimball-Linden-bound),-87.652866,41.925051,Fullerton,41220,41230,Red Line
30236,S,Fullerton (Loop-bound),-87.652866,41.925051,Fullerton,41220,41230,Red Line
30238,S,47th-Dan Ryan (95th-bound),-87.63094,41.810318,47th,41230,41240,Blue Line
30237,N,47th-Dan Ryan (Howard-bound),-87.63094,41.810318,47th,41230,41240,Blue Line
30240,S,Addison (O'Hare Branch) (Forest Pk-bound),-87.71906,41.94738,Addison,41240,41250,Purple Line Evanston Express
30239,N,Addison (O'Hare Branch) (O'Hare-bound),-87.71906,41.94738,Addison,41240,41250,Purple Line Evanston Express
30242,S,Central-Evanston (Howard-Loop-bound),-87.685617,42.063987,Central,41250,41260,Green Line (Lake)
30241,N,Central-Evanston (Linden-bound),-87.685617,42.063987,Central,41250,41260,Green Line (Lake)
30243,E,Austin (63rd-bound),-87.774135,41.887293,Austin,41260,41270,Green Line
30244,W,Austin (Harlem-bound),-87.774135,41.887293,Austin,41260,41270,Green Line
30246,S,43rd (63rd-bound),-87.619021,41.816462,43rd,41270,41280,Blue Line
30245,N,43rd (Harlem-bound),-87.619021,41.816462,43rd,41270,41280,Blue Line
30248,S,Jefferson Park (Forest Pk-bound),-87.760892,41.970634,Jefferson Park,41280,41290,Brown Line
30247,N,Jefferson Park (O'Hare-bound),-87.760892,41.970634,Jefferson Park,41280,41290,Brown Line
30250,S,Kimball (Loop-bound),-87.713065,41.967901,Kimball,41290,41300,Red Line
30249,N,Kimball (Terminal arrival),-87.713065,41.967901,Kimball,41290,41300,Red Line
30252,S,Loyola (95th-bound),-87.661061,42.001073,Loyola,41300,41310,Brown Line
30251,N,Loyola (Howard-bound),-87.661061,42.001073,Loyola,41300,41310,Brown Line
30253,N,Paulina (Kimball-bound),-87.670907,41.943623,Paulina,41310,41320,Red Brown Purple (Express)
30254,S,Paulina (Loop-bound),-87.670907,41.943623,Paulina,41310,41320,Red Brown Purple (Express)
30256,S,Belmont (95th-bound),-87.65338,41.939751,Belmont,41320,41330,Blue Line
30255,N,Belmont (Howard-bound),-87.65338,41.939751,Belmont,41320,41330,Blue Line
30257,N,Belmont (Kimball-Linden-bound),-87.65338,41.939751,Belmont,41320,,
30258,S,Belmont (Loop-bound),-87.65338,41.939751,Belmont,41320,,
30260,S,Montrose (Forest Pk-bound),-87.743574,41.961539,Montrose,41330,,
30259,N,Montrose (O'Hare-bound),-87.743574,41.961539,Montrose,41330,,
30262,W,LaSalle (Forest Pk-bound),-87.631722,41.875568,LaSalle,41340,41340,Blue Line
30261,E,LaSalle (O'Hare-bound),-87.631722,41.875568,LaSalle,41340,41340,Blue Line
30263,E,Oak Park (63rd-bound),-87.793783,41.886988,Oak Park,41350,41350,Green Line (Lake)
30264,W,Oak Park (Harlem-bound),-87.793783,41.886988,Oak Park,41350,41350,Green Line (Lake)
30265,E,California (63rd-bound),-87.696234,41.88422,California,41360,41360,Green Line (Lake)
30266,W,California (Harlem-bound),-87.696234,41.88422,California,41360,41360,Green Line (Lake)
30268,S,Bryn Mawr (95th-bound),-87.65884,41.983504,Bryn Mawr,41380,41380,Red Line
30267,N,Bryn Mawr (Howard-bound),-87.65884,41.983504,Bryn Mawr,41380,41380,Red Line
30080,N,Roosevelt/Wabash (Loop-Harlem-bound),-87.62659,41.867405,Roosevelt (Elevated),41400,41400,Red Line
30081,S,Roosevelt/Wabash (Midway-63rd-bound),-87.62659,41.867405,Roosevelt (Elevated),41400,41400,Red Line
30269,N,Roosevelt/State (Howard-bound),-87.627402,41.867368,Roosevelt (Subway),41400,,
30270,S,Roosevelt/State (Howard-bound),-87.627402,41.867368,Roosevelt (Subway),41400,,
30272,S,Chicago/Milwaukee (Forest Pk-bound),-87.655214,41.896075,Chicago,41410,41410,Blue Line
30271,N,Chicago/Milwaukee (O'Hare-bound),-87.655214,41.896075,Chicago,41410,41410,Blue Line
30274,S,Addison (95th-bound),-87.653626,41.947428,Addison,41420,41420,Red Line
30273,N,Addison (Howard-bound),-87.653626,41.947428,Addison,41420,41420,Red Line
30276,S,87th (95th-bound),-87.624717,41.735372,87th,41430,41430,Red Line
30275,N,87th (Howard-bound),-87.624717,41.735372,87th,41430,41430,Red Line
30277,N,Addison (Kimball-bound),-87.674642,41.947028,Addison,41440,41440,Brown Line
30278,S,Addison (Loop-bound),-87.674642,41.947028,Addison,41440,41440,Brown Line
30280,S,Chicago/State (95th-bound),-87.628176,41.896671,Chicago,41450,41450,Red Line
30279,N,Chicago/State (Howard-bound),-87.628176,41.896671,Chicago,41450,41450,Red Line
30281,N,Irving Park (Kimball-bound),-87.674868,41.954521,Irving Park,41460,41460,Brown Line
30282,S,Irving Park (Loop-bound),-87.674868,41.954521,Irving Park,41460,41460,Brown Line
30283,N,Western (Kimball-bound),-87.688502,41.966163,Western,41480,41480,Brown Line
30284,S,Western (Loop-bound),-87.688502,41.966163,Western,41480,41480,Brown Line
30286,S,Harrison (95th-bound),-87.627479,41.874039,Harrison,41490,41490,Red Line
30285,N,Harrison (Howard-bound),-87.627479,41.874039,Harrison,41490,41490,Red Line
30287,N,Montrose (Kimball-bound),-87.675047,41.961756,Montrose,41500,41500,Brown Line
30288,S,Montrose (Loop-bound),-87.675047,41.961756,Montrose,41500,41500,Brown Line
30290,S,Lake/State (95th-bound),-87.627813,41.884809,Lake,41660,41660,Red Line
30289,N,Lake/State (Howard-bound),-87.627813,41.884809,Lake,41660,41660,Red Line
30291,E,Conservatory (63rd-bound),-87.716523,41.884904,Conservatory,41670,41670,Green Line (Lake)
30292,W,Conservatory (Harlem-bound),-87.716523,41.884904,Conservatory,41670,41670,Green Line (Lake)
